{
	"info": {
		"_postman_id": "188db041-7050-44eb-bf2c-c523abb49c96",
		"name": "Products App",
		"schema": "https://schema.getpostman.com/json/collection/v2.1.0/collection.json",
		"_exporter_id": "11969019"
	},
	"item": [
		{
			"name": "api/products",
			"request": {
				"method": "GET",
				"header": [],
				"url": {
					"raw": "https://www.theappsdr.com/api/products",
					"protocol": "https",
					"host": [
						"www",
						"theappsdr",
						"com"
					],
					"path": [
						"api",
						"products"
					]
				}
			},
			"response": []
		},
		{
			"name": "/api/product/review/{pid}",
			"request": {
				"method": "GET",
				"header": [],
				"url": {
					"raw": "https://www.theappsdr.com/api/product/reviews/31b100f4-ec80-4ef7-8ba9-05575e54499f",
					"protocol": "https",
					"host": [
						"www",
						"theappsdr",
						"com"
					],
					"path": [
						"api",
						"product",
						"reviews",
						"31b100f4-ec80-4ef7-8ba9-05575e54499f"
					]
				}
			},
			"response": []
		},
		{
			"name": "api/product/review",
			"request": {
				"method": "POST",
				"header": [],
				"body": {
					"mode": "urlencoded",
					"urlencoded": [
						{
							"key": "pid",
							"value": "31b100f4-ec80-4ef7-8ba9-05575e54499f",
							"description": "Product id",
							"type": "text"
						},
						{
							"key": "review",
							"value": "This is not a good product !!",
							"description": "Review Text",
							"type": "text"
						},
						{
							"key": "rating",
							"value": "1",
							"description": "Integer from 1 to 5",
							"type": "text"
						}
					]
				},
				"url": {
					"raw": "https://www.theappsdr.com/api/product/review",
					"protocol": "https",
					"host": [
						"www",
						"theappsdr",
						"com"
					],
					"path": [
						"api",
						"product",
						"review"
					]
				}
			},
			"response": []
		}
	]
}